{
  "product_name": "Compose",
  "product_version": "3.0.0.169",
  "created_on": "12/18/2016 15:18:29",
  "objects": [
    {
      "id": 1,
      "path": "/",
      "name": "settings",
      "type": "ACProjectSettings",
      "creation_time": 0,
      "modification_time": 0,
      "inner_item": {
        "$type": "ACProjectSettings",
        "from_date_col_name": "FD",
        "to_date_col_name": "TD",
        "change_date_col_name": "CHANGE_DATE",
        "lowest_date": "1780-01-01",
        "highest_date": "9999-12-31",
        "unknown_date": "7777-07-07",
        "unknown_string": "Unknown",
        "map_name_prefix": "Map",
        "stop_after_staging": false,
        "use_datetime2": false,
        "unknown_guid": "00000000-0000-0000-0000-000000000000",
        "unknown_number": "0",
        "unknown_byte": "0",
        "dwh_key_name": "ID",
        "naming_conv": {
          "dwh_prefix": "TDWH_",
          "hub_suffix": "_HUB",
          "sat_suffix": "_S",
          "lnk_suffix": "_L",
          "dma_prefix": "TDMA_",
          "dwh_view_prefix": "VDWH_",
          "replicate_change_table_suffix": "__ct",
          "error_mart_suffix": "__ex",
          "dma_view_prefix": "VDMA_"
        },
        "create_ddl_scripts_only": false,
        "ignore_data_type_check": false,
        "name": "settings",
        "version": 636174070805350000,
        "metadata": {
          "creation_time": 636170387596158265,
          "modification_time": 636174070805350000,
          "tags": [],
          "caller_role": "NONE"
        }
      },
      "tags": [],
      "software_version": 1
    },
    {
      "id": 3,
      "path": "/",
      "name": "RosieDWH_2",
      "type": "Database",
      "creation_time": 0,
      "modification_time": 0,
      "inner_item": {
        "$type": "DatabaseDto",
        "usage": "DATA_WAREHOUSE",
        "dbms": "SQL Server",
        "server_name": "sm2012b.qa.int",
        "database_name": "RosieDWH_2",
        "user_name": "sa",
        "password": "",
        "included_schemas": "dwh",
        "templateDatabaseType": "SQLSERVER",
        "dma_schema": "dma",
        "original_sourcedb_id": 0,
        "has_source_definition": false,
        "landing_zone": {
          "landing_type": "DATABASE",
          "replicate_task_type": "FULL_LOAD",
          "associate_with_replicate_task": false
        },
        "display_name": "Microsoft SQL Server",
        "port": 1434,
        "multibyte_character_multiplier": 1,
        "windows_authentication": false,
        "id": 3,
        "name": "RosieDWH_2",
        "version": 636170394219010000,
        "metadata": {
          "creation_time": 636170388137779849,
          "modification_time": 636170394219010000,
          "tags": [],
          "caller_role": "NONE"
        }
      },
      "tags": [],
      "software_version": 3
    },
    {
      "id": 4,
      "path": "/",
      "name": "northwind",
      "type": "Database",
      "creation_time": 0,
      "modification_time": 0,
      "inner_item": {
        "$type": "DatabaseDto",
        "usage": "SOURCE",
        "server_name": "",
        "database_name": "",
        "included_schemas": "*",
        "templateDatabaseType": "SQLSERVER",
        "dma_schema": "*",
        "original_sourcedb_id": 0,
        "has_source_definition": false,
        "landing_zone": {
          "landing_type": "DATABASE",
          "db_name": "northwind",
          "schema_name": "dbo",
          "replicate_task_type": "FULL_LOAD",
          "error_marts_schema": "RosieDWH_2",
          "associate_with_replicate_task": false
        },
        "port": 0,
        "multibyte_character_multiplier": 1,
        "windows_authentication": false,
        "id": 4,
        "name": "northwind",
        "version": 636170394219010000,
        "metadata": {
          "creation_time": 636170388410306608,
          "modification_time": 636170394219010000,
          "tags": [],
          "caller_role": "NONE"
        }
      },
      "tags": [],
      "software_version": 3
    },
    {
      "id": 5,
      "path": "/",
      "name": "northwind_Landing",
      "type": "Database",
      "creation_time": 0,
      "modification_time": 0,
      "inner_item": {
        "$type": "DatabaseDto",
        "usage": "SOURCE",
        "dbms": "SQL Server",
        "server_name": "sm2012b.qa.int",
        "database_name": "northwind",
        "user_name": "sa",
        "password": "",
        "included_schemas": "dbo",
        "templateDatabaseType": "SQLSERVER",
        "dma_schema": "dbo",
        "original_sourcedb_id": 4,
        "has_source_definition": true,
        "display_name": "Microsoft SQL Server",
        "port": 1434,
        "multibyte_character_multiplier": 1,
        "windows_authentication": false,
        "id": 5,
        "name": "northwind_Landing",
        "version": 636170394219010000,
        "metadata": {
          "creation_time": 636170388410306608,
          "modification_time": 636170394219010000,
          "tags": [],
          "caller_role": "NONE"
        }
      },
      "tags": [],
      "software_version": 3
    },
    {
      "id": 273,
      "path": "/",
      "name": "north",
      "type": "Database",
      "creation_time": 0,
      "modification_time": 0,
      "inner_item": {
        "$type": "DatabaseDto",
        "usage": "SOURCE",
        "server_name": "",
        "database_name": "",
        "included_schemas": "*",
        "templateDatabaseType": "SQLSERVER",
        "dma_schema": "*",
        "original_sourcedb_id": 0,
        "has_source_definition": false,
        "landing_zone": {
          "landing_type": "DATABASE",
          "db_name": "northwind",
          "schema_name": "*",
          "replicate_task_type": "FULL_LOAD",
          "error_marts_schema": "ArielDWH1",
          "associate_with_replicate_task": false
        },
        "port": 0,
        "multibyte_character_multiplier": 1,
        "windows_authentication": false,
        "id": 273,
        "name": "north",
        "version": 636170572501580000,
        "metadata": {
          "creation_time": 636170572501742320,
          "modification_time": 636170572501580000,
          "tags": [],
          "caller_role": "NONE"
        }
      },
      "tags": [],
      "software_version": 3
    },
    {
      "id": 274,
      "path": "/",
      "name": "north_Landing",
      "type": "Database",
      "creation_time": 0,
      "modification_time": 0,
      "inner_item": {
        "$type": "DatabaseDto",
        "usage": "SOURCE",
        "dbms": "SQL Server",
        "server_name": "sm2012b.qa.int",
        "database_name": "northwind",
        "user_name": "sa",
        "password": "",
        "included_schemas": "*",
        "templateDatabaseType": "SQLSERVER",
        "dma_schema": "*",
        "original_sourcedb_id": 273,
        "has_source_definition": true,
        "display_name": "Microsoft SQL Server",
        "port": 1434,
        "multibyte_character_multiplier": 1,
        "windows_authentication": false,
        "id": 274,
        "name": "north_Landing",
        "version": 636170572501740000,
        "metadata": {
          "creation_time": 636170572501742320,
          "modification_time": 636170572501740000,
          "tags": [],
          "caller_role": "NONE"
        }
      },
      "tags": [],
      "software_version": 3
    },
    {
      "id": 280,
      "path": "/",
      "name": "VersionControl",
      "type": "VersionControl",
      "creation_time": 0,
      "modification_time": 0,
      "inner_item": {
        "$type": "VersionControlDto",
        "type": "Git",
        "use_remote_server": true,
        "remote_url": "https://github.com/RosieBarsky/Sql_Server.git",
        "user_name": "RosieBarsky",
        "password": "",
        "name": "VersionControl",
        "version": 636173885497830000,
        "metadata": {
          "creation_time": 636171438922337916,
          "modification_time": 636173885497830000,
          "tags": [],
          "caller_role": "NONE"
        }
      },
      "tags": [],
      "software_version": 1
    },
    {
      "id": 2,
      "path": "/",
      "name": "Sql Server",
      "type": "ExecutionServiceDto",
      "creation_time": 0,
      "modification_time": 0,
      "inner_item": {
        "$type": "ExecutionServiceDto",
        "max_runtime_instances_to_keep": 100,
        "name": "Sql Server",
        "version": 636176690679640000,
        "metadata": {
          "creation_time": 636170387596158265,
          "modification_time": 636176690679640000,
          "tags": [],
          "caller_role": "NONE"
        }
      },
      "tags": [],
      "software_version": 1
    }
  ]
}